data_classification_id,name,description,start_date,end_date,update_date,update_user,update_timestamp
0,UNKNOWN,Unknown,2010-01-01,9999-12-31,2026-01-14,postgres,2026-01-14 02:33:22
1,PUBLIC,Data that can be openly shared with anyone outside of the organisation,2010-01-01,9999-12-31,2026-01-14,postgres,2026-01-14 02:33:22
2,INTERNAL,Company wide data kept within the organisation predominantly for enterprise use,2010-01-01,9999-12-31,2026-01-14,postgres,2026-01-14 02:33:22
3,CONFIDENTIAL,Domain specific data shared with specific people/teams containing sensitive NDIS data,2010-01-01,9999-12-31,2026-01-14,postgres,2026-01-14 02:33:22
4,RESTRICTED,Data with additional access limitations beyond what is considered confidential due to legal obligations,2010-01-01,9999-12-31,2026-01-14,postgres,2026-01-14 02:33:22
