security_classification_id,name,description,start_date,end_date,update_date,update_user,update_timestamp
0,NOT CONFIDENTIAL,Data does not contain any confidential details,2010-01-01,9999-12-31,2026-01-14,postgres,2026-01-14 02:33:22
101,PERSONAL_CONTACTINFO,Information used to contact an individual,2010-01-01,9999-12-31,2026-01-14,postgres,2026-01-14 02:33:22
102,PERSONAL_PROVIDERINFO,Information that directly identifies a Provider or is used to contact a provider noting that a provider may be an organisation or a sole trader (i.e. individual person),2010-01-01,9999-12-31,2026-01-14,postgres,2026-01-14 02:33:22
103,PERSONAL_IDENTITYINFODIRECT,Information that is used to directly confirm identity for an individual i.e. the data in and of itself uniquely identifies the person,2010-01-01,9999-12-31,2026-01-14,postgres,2026-01-14 02:33:22
104,PERSONAL_TFN,Tax file number - Personal reference number for an individual in the tax and superannuation systems issued by the Australian Taxation Office,2010-01-01,9999-12-31,2026-01-14,postgres,2026-01-14 02:33:22
105,PERSONAL_IDENTITYINFOINDIRECT,Information that is used to indirectly confirm identity for an individual by matching to other data sources where it is practicable and likely,2010-01-01,9999-12-31,2026-01-14,postgres,2026-01-14 02:33:22
106,PERSONAL_FINANCIALINFO,Financial details - information relating to finances for an individual,2010-01-01,9999-12-31,2026-01-14,postgres,2026-01-14 02:33:22
107,PERSONAL_EMPLOYMENTINFO,Employment details for a person,2010-01-01,9999-12-31,2026-01-14,postgres,2026-01-14 02:33:22
108,PERSONAL_OTHERINFO,Other personal (non-sensitive),2010-01-01,9999-12-31,2026-01-14,postgres,2026-01-14 02:33:22
109,PERSONAL_SENSITIVE_DISABILITYANDHEALTHINFO,Information or an opinion that is also personal information about the health or a disability (at any time) of an individual or expression of wishes about the future provision of health services to an individual or a health service provided/to be provided to an individual,2010-01-01,9999-12-31,2026-01-14,postgres,2026-01-14 02:33:22
110,PERSONAL_SENSITIVE_OTHERINFO,Information or opinion about racial/ethnic origin or political opinion or religious beliefs or sexual orientation/criminal record for an individual. Provided the information or opinion otherwise meets the definition of personal information,2010-01-01,9999-12-31,2026-01-14,postgres,2026-01-14 02:33:22
111,PERSONAL_SENSITIVE_UNCONTROLLEDINFO,Information where data is stored as free text and data entry is not controlled so the data stored could possibly include sensitive information,2010-01-01,9999-12-31,2026-01-14,postgres,2026-01-14 02:33:22
