system_id,name,description,path,start_date,end_date,update_date,update_user,update_timestamp
1,SAP,SAP CRM,s3://ndia-data-lake-{layer}-general-{env}/environment={environment}/application=data/sourcesystem={sourcesystem}/sap/,2010-01-01,9999-12-31,2026-01-14,postgres,2026-01-14 00:00:00
2,SFC,Sales Force,s3://ndia-data-lake-{layer}-general-{env}/environment={environment}/application=data/sourcesystem={sourcesystem}/sfc/,2010-01-01,9999-12-31,2026-01-14,postgres,2026-01-14 00:00:00
3,EODS,EODS,s3://ndia-data-lake-{layer}-general-{env}/environment={environment}/application=data/sourcesystem={sourcesystem}/eods/,2010-01-01,9999-12-31,2026-01-14,postgres,2026-01-14 00:00:00
4,EDW,EDW,s3://ndia-data-lake-{layer}-general-{env}/environment={environment}/application=data/sourcesystem={sourcesystem}/edw/,2010-01-01,9999-12-31,2026-01-14,postgres,2026-01-14 00:00:00
5,MYGOV,MYGOV,s3://ndia-data-lake-{layer}-general-{env}/environment={environment}/application=data/sourcesystem={sourcesystem}/mygov/,2010-01-01,9999-12-31,2026-01-14,postgres,2026-01-14 00:00:00
6,ABR,ABR,s3://ndia-data-lake-{layer}-general-{env}/environment={environment}/application=data/sourcesystem={sourcesystem}/abr/,2010-01-01,9999-12-31,2026-01-14,postgres,2026-01-14 00:00:00
7,NQSC,NQSC,s3://ndia-data-lake-{layer}-general-{env}/environment={environment}/application=data/sourcesystem={sourcesystem}/nqsc/,2010-01-01,9999-12-31,2026-01-14,postgres,2026-01-14 00:00:00
8,FOD,FOD,s3://ndia-data-lake-{layer}-general-{env}/environment={environment}/application=data/sourcesystem={sourcesystem}/fod/,2010-01-01,9999-12-31,2026-01-14,postgres,2026-01-14 00:00:00
10,AEC,AEC,s3://ndia-data-lake-{layer}-general-{env}/environment={environment}/application=data/sourcesystem={sourcesystem}/aec/,2010-01-01,9999-12-31,2026-01-14,postgres,2026-01-14 00:00:00
9,ASIC,ASIC,s3://ndia-data-lake-{layer}-general-{env}/environment={environment}/application=data/sourcesystem={sourcesystem}/asic/,2010-01-01,9999-12-31,2025-05-28,postgres,2025-05-28 00:00:00
11,OSAS,OSAS,s3://ndia-data-lake-{layer}-general-{env}/environment={environment}/application=data/sourcesystem={sourcesystem}/osas/,2010-01-01,9999-12-31,2026-01-14,postgres,2026-01-14 00:00:00
12,DOHDA,DOHDA,s3://ndia-data-lake-{layer}-general-{env}/environment={environment}/application=data/sourcesystem={sourcesystem}/dohda/,2010-01-01,9999-12-31,2026-01-14,postgres,2026-01-14 00:00:00
13,CLK,Centrelink,s3://ndia-data-lake-{layer}-general-{env}/environment={environment}/application=data/sourcesystem={sourcesystem}/clk/,2010-01-01,9999-12-31,2026-01-14,postgres,2026-01-14 00:00:00
15,DHA,Department of Home Affairs,s3://ndia-data-lake-{layer}-general-{env}/environment={environment}/application=data/sourcesystem={sourcesystem}/dha/,2010-01-01,9999-12-31,2026-01-14,postgres,2026-01-14 00:00:00
16,NCC,National Contact Centre,s3://ndia-data-lake-{layer}-general-{env}/environment={environment}/application=data/sourcesystem={sourcesystem}/ncc/,2010-01-01,9999-12-31,2026-01-14,postgres,2026-01-14 00:00:00
18,SBL,SBL,s3://ndia-data-lake-{layer}-general-{env}/environment={environment}/application=data/sourcesystem={sourcesystem}/sbl/,2010-01-01,9999-12-31,2026-01-14,postgres,2026-01-14 00:00:00
17,METADATA,METADATA PACE,s3://ndia-data-lake-{layer}-general-{env}/environment={environment}/application=data/sourcesystem={sourcesystem}/metadata/,2010-01-01,9999-12-31,2026-01-14,postgres,2026-01-14 00:00:00
14,DVA,Department of Veterans Affairs,s3://ndia-data-lake-{layer}-general-{env}/environment={environment}/application=data/sourcesystem={sourcesystem}/dva/,2010-01-01,9999-12-31,2026-01-14,postgres,2026-01-14 00:00:00
